motifs,original,permutations
'M2 -M3 P1',1,0,1,0,1,0
'M2 M2 m2 P1',1,0,0,0,0,0,0,0,0,0,1,0,0,0,0,0,0,1,0,0,0,0,0,0
'-M2 -m2 -M2 -M2',3,3,0,0,6,0,0,0,1,0,0,0,0,0,0,0,0,0,0,0,0,0,0,0
'P5 -m3 m3',1,0,0,0,0,0
'M2 -P5 M2',2,3,0,6,0,0
'-P4 m3 -m2',1,0,0,0,0,0
'M2 m2 M2',8,4,0,11,0,0
'-P5 M2 m3 -m2',1,1,0,0,0,0,0,0,0,0,0,0,0,0,0,0,0,0,0,0,0,0,0,0
'P1 -m2 -M2 -M2',1,0,0,1,0,1,0,0,0,0,1,0,0,0,0,0,0,0,0,0,0,0,0,0
'-M2 M2 M2 -M2',1,1,3,0,0,0,0,0,0,0,0,0,0,0,0,0,0,0,0,0,0,0,0,0
'-m3 -M2 m2 -m3',1,0,0,0,0,0,0,0,0,0,0,0,0,0,0,0,0,0,0,0,0,0,0,0
'-m2 -M2 -m3 m2',1,0,0,1,0,0,0,0,0,0,0,0,0,0,0,0,0,0,0,0,0,0,0,0
'-m3 m2 M2 -P4',1,0,0,0,0,0,0,0,0,0,0,0,0,0,0,0,0,0,0,0,0,0,0,0
'-M2 -m2 -M2 P4',1,0,0,0,0,0,0,0,3,0,0,0,0,0,2,0,0,0,1,0,0,1,0,0
'-P4 M2 m2 M2',1,0,0,1,0,0,1,0,0,0,0,0,0,1,0,0,0,0,0,0,0,0,0,0
'm2 -P5 P5',1,0,0,0,0,0
'-m2 -M3 P5',1,0,0,0,0,0
'M2 M2 -P5 m6',1,0,0,0,0,0,0,0,0,0,0,0,0,0,0,0,0,0,0,0,0,0,0,0
'-P4 P4 -M2 -M2',1,0,0,0,0,0,0,0,0,0,0,0,0,0,0,0,0,0,0,0,0,0,0,0
'P4 -m2 m2',2,0,0,0,0,1
'P5 M2 M2 m2',1,0,0,0,0,0,0,0,0,0,0,0,0,0,0,0,0,0,0,0,0,0,0,0
'P5 M3',1,0
'M2 -m3 -M2 P4',1,0,0,0,0,1,0,0,0,0,0,0,0,0,0,0,0,0,0,0,0,0,0,0
'-m3 m2 M2',3,3,3,3,4,3
'M2 -M2 -m2 -M2',1,0,0,3,0,0,1,4,0,0,0,0,3,1,0,0,0,0,0,0,0,0,0,0
'M2 -P4 P4',1,0,0,0,0,0
'M2 -M3 M2 M2',3,0,0,0,1,0,0,0,0,0,0,0,0,0,0,0,0,0,0,0,0,0,0,0
'-M2 -M2 M2 -M3',2,0,0,0,0,0,0,0,0,0,0,0,0,0,0,0,0,0,0,0,0,0,0,0
'M2 -P5 P8 -M2',1,0,0,0,0,0,0,0,0,0,0,0,0,0,0,0,0,0,0,0,0,0,0,0
'-M2 m6 -m3 M2',1,0,0,0,0,0,0,0,0,0,0,0,0,0,0,0,0,0,0,0,0,0,0,0
'm2 M2 -m3 -M2',2,2,0,0,1,0,0,0,1,0,0,1,1,0,0,0,0,0,1,0,0,1,1,1
'M2 -P4 m2',1,1,0,0,2,1
'm3 -m2 m2 P1',1,0,0,0,0,0,0,0,0,0,0,0,0,0,0,0,0,0,0,0,0,0,0,0
'M2 -P5 M2 M2',1,2,0,0,1,0,0,0,1,0,0,0,0,0,0,0,0,0,0,0,0,0,0,0
'-M2 m2 -m3',1,0,3,2,1,0
'-P5 m6 -m2 -M2',1,0,0,0,0,0,0,0,0,0,0,0,0,0,0,0,0,0,0,0,0,0,0,0
'-M2 -m2 -M3',1,1,0,0,0,0
'M2 -m3 -M2',2,1,2,1,1,2
'-M2 m6',1,0
'-m3 m3',1,0
'm3 -m2 -M2',6,0,2,1,1,0
'm6 -m3 M2 -m3',1,0,0,0,0,0,0,0,0,0,0,0,0,0,0,0,0,0,0,0,0,0,0,0
'-P5 P5 -M2',1,0,0,0,0,0
'P1 -m2 -M2 M2',1,2,0,0,0,0,0,0,0,0,0,0,0,0,0,0,0,0,0,0,1,0,1,0
'-m2 -M2 P4',2,0,5,2,1,0
'-M2 -M2 -M2',3,0,0,0,0,0
'm2 -P4',1,1
'-m3 -M2 P4',3,0,0,0,0,1
'-m3 m2 -m3 m2',1,0,0,0,0,0,0,0,0,0,0,0,0,0,0,0,0,0,0,0,0,0,0,0
'-M3 M2 M2 -M2',1,0,0,0,0,0,0,0,0,0,0,1,0,0,0,0,0,0,4,0,0,0,0,0
'M2 -m3 P4 -P5',1,0,0,0,0,0,0,0,0,0,0,0,0,0,0,0,0,0,0,0,0,0,0,0
'm2 -P8 M2',1,0,1,0,0,0
'-M3 -m2 -M3 M2',1,0,0,0,0,0,0,0,0,0,1,0,0,0,0,0,0,1,0,0,0,0,0,0
'P4 -m2 m2 -P8',1,0,0,0,0,0,0,0,0,0,0,0,0,0,0,0,0,0,0,0,0,0,0,0
'M2 M2 m2 -P5',1,0,0,1,0,2,0,0,0,0,2,0,0,0,0,0,0,0,0,0,0,0,0,0
'P8 -m2 -M2 -M2',2,0,0,0,0,0,0,0,1,0,1,0,0,0,0,0,0,0,0,0,0,0,0,0
'-M2 P8 M2 -m3',1,0,0,0,0,0,0,0,0,0,0,0,0,0,0,0,0,0,0,0,0,0,0,0
'P4 -m2 -M3 P5',1,0,0,0,0,0,0,0,0,0,0,0,0,0,0,0,0,0,0,0,0,0,0,0
'M2 -M2 -M2 m6',1,0,0,0,0,0,0,0,0,0,0,0,0,0,0,0,0,0,0,0,0,0,0,0
'-M3 M2',11,10
'-M2 P4',9,4
'-M2 -m3 -M2 M2',1,0,0,0,0,0,0,0,1,0,0,0,0,0,1,0,0,0,0,0,0,0,0,0
'-M3 -m2 -M3',1,0,0,0,0,0
'-m3 -M2 P5 M2',1,0,0,0,0,0,1,0,0,0,0,0,0,0,0,0,0,0,0,0,0,0,0,0
'm2 -m2 P1 -M2',1,0,0,0,0,0,0,0,0,0,0,0,0,0,0,0,0,0,0,0,0,0,0,1
'-M2 M2 -M3 P4',1,0,0,0,0,0,0,0,0,0,0,0,0,0,0,0,0,0,0,0,0,0,0,0
'M2 -M2 M3',1,0,0,0,0,0
'-m3 P1 M2 -M3',1,0,0,0,0,0,0,0,0,0,0,0,0,0,0,0,0,0,0,0,0,0,0,0
'-M2 -m2 m2',3,0,0,0,0,2
'-m3 M2 m2 -P5',1,1,0,0,0,0,0,0,1,0,0,0,0,0,0,0,0,0,0,0,0,0,0,0
'-m2 m2 -P4',1,0,0,0,0,0
'-m2 m2 -m3 M2',2,0,0,0,0,0,0,0,0,0,0,1,2,0,0,0,0,0,0,0,0,0,0,1
'-m2 m2 M2',4,0,0,0,0,5
'-m2 m2 P1 M2',1,0,0,0,0,0,0,0,0,0,0,0,1,0,0,0,0,0,1,0,0,0,0,0
'-m3 m2 M2 -m3',1,0,0,0,0,1,0,0,1,0,0,0,0,0,0,0,0,0,0,0,0,0,0,0
'-m3 -M2 -M2',1,1,1,0,0,0
'-m3 P1 P5',1,0,0,0,0,0
'-m3 P4',1,0
'P5 M3 P1',1,0,0,0,0,0
'P8 -M2 -M2',1,0,2,0,0,0
'm2 P1 -m6',1,0,0,0,0,0
'-M3 P4 -m2 m2',1,0,0,0,0,0,0,0,0,0,0,0,0,0,0,0,0,0,0,0,0,0,0,0
'-m3 M2',7,7
'm6 -m2 -M2',1,0,0,0,0,0
'M2 M2 m2 -m2',4,0,0,0,0,0,0,0,0,0,0,0,0,0,0,0,0,0,0,0,0,0,0,0
'-M2 -M2 -m2',8,0,8,0,12,0
'-M3 P4',2,0
'P4 -M2 -m3 -M2',1,0,0,0,0,0,1,1,0,0,0,0,0,1,0,0,0,0,0,0,0,0,0,0
'-P5 P8 -M2',1,0,0,0,0,0
'-m2 P4 M2',1,0,0,0,0,0
'm2 M2 m3 -m2',1,0,0,1,0,0,0,0,0,0,0,0,0,0,0,0,0,0,0,0,1,0,0,0
'-P5 P8 -M2 -M2',1,0,0,0,0,0,0,0,0,0,0,0,0,0,0,0,0,0,0,0,0,0,0,0
'P8 -m2 m2',1,0,0,0,0,0
'-m3 m3 -m2',1,0,0,0,0,0
'm3 M2 M2 m2',1,0,0,0,0,0,0,0,0,0,0,0,0,0,0,0,0,0,0,0,0,0,0,0
'P4 -m2 P4 M2',1,0,0,0,0,0,0,0,0,0,0,0,0,0,0,0,0,0,0,0,0,0,0,0
'-M2 -m2 m2 M2',2,0,0,1,0,0,0,0,0,0,1,0,0,3,0,0,0,1,0,0,0,0,0,1
'-M2 -M2 -M2 P8',2,0,0,0,0,0,0,0,0,0,0,0,0,0,0,0,0,0,0,0,0,0,0,0
'm2 -m2 P1',1,1,0,1,0,1
'-m2 -M3 P8',2,0,2,0,0,0
'P1 -m3',2,2
'-M3 M2 m3 -m2',1,0,0,1,0,0,0,0,0,0,2,0,0,0,0,0,0,0,0,0,0,0,0,0
'-m3 m2 -m3',1,0,0,0,0,0
'P1 -m2 -M2',2,2,0,0,2,0
'M2 M2 -P5 P8',1,0,0,0,0,0,0,0,0,0,0,0,0,0,0,0,0,0,0,0,0,0,0,0
'-m3 m2 M2 m3',1,0,0,0,0,0,0,0,0,0,0,0,0,0,0,0,0,0,0,0,0,0,0,0
'P1 M2 -M3 P4',1,0,0,0,0,0,0,0,0,0,0,0,0,0,0,0,0,0,0,0,0,0,0,0
'M2 M2 -M3 P1',1,0,0,1,0,0,0,0,0,0,0,0,0,0,0,0,0,0,0,0,0,0,0,0
'-M2 M3',1,0
'M2 -M2 -P5 M2',1,0,0,0,0,1,0,0,1,0,0,0,0,0,0,0,0,0,0,0,0,0,0,0
'-m2 -M2 P4 M2',1,0,0,0,0,0,0,0,0,0,0,0,0,0,0,0,0,0,0,1,0,0,0,0
'-P5 P5',2,0
'-m2 -M3 M2 -M2',1,0,0,0,0,0,0,0,0,0,1,0,0,0,0,0,0,1,0,0,0,0,0,0
'm3 M2 M2',2,0,0,0,0,0
'-M2 m3',2,1
'M3 P1 -M2 -M2',1,0,0,0,0,0,0,0,0,0,0,0,0,0,0,0,0,0,0,0,0,0,0,0
'-P5 P8 -m2',1,0,0,0,0,0
'm3 M2 -M2',1,1,0,0,0,0
'-M3 M2 M2 m2',3,0,0,0,0,0,0,0,0,0,0,0,0,0,0,0,0,0,0,1,0,0,0,0
'm2 -P5 M2',2,0,0,0,3,0
'M2 -m3 P4',1,0,0,0,0,0
'P1 -m6 m3',1,0,0,0,0,0
'-m2 m2 -m2',1,0,0,0,0,0
'm2 M2 -M2',4,0,0,0,0,4
'-m2 -M2',24,12
'm3 M2 M2 -P4',1,0,0,1,0,0,0,0,0,0,0,0,0,0,0,0,0,0,0,0,0,0,0,0
'-P5 M2',5,7
'-M2 P4 M2 M2',1,0,0,1,0,0,0,0,0,0,1,0,0,0,0,0,0,0,0,0,0,0,0,0
'P8 -M2',1,2
'm2 M2 -M2 P1',1,0,0,0,0,0,0,0,0,0,0,0,0,0,0,0,0,0,0,0,0,0,0,0
'-m3 m2 -m2 m2',1,0,0,1,0,0,0,0,0,0,0,0,0,0,0,0,0,0,0,0,0,0,0,0
'M2 M2 -M2',5,0,3,0,2,0
'm2 M2 M2 m2',1,0,0,0,0,0,0,0,0,0,0,0,0,0,0,0,0,0,0,0,0,0,0,0
'P4 M2 m2 -P5',1,0,0,0,0,0,0,0,0,0,0,0,0,0,0,0,0,0,0,0,0,0,0,0
'-M2 M2 -M2',4,7,0,6,0,0
'm2 P1 M2',1,0,0,1,1,0
'm2 -m3',9,7
'M2 -M2 P1',1,0,0,0,1,2
'm2 -P5 P5 M3',1,0,0,0,0,0,0,0,0,0,0,0,0,0,0,0,0,0,0,0,0,0,0,0
'P1 -m6',1,0
'-M3 M2 M2',5,6,2,0,0,0
'P4 M2',3,0
'-M2 m3 -P5',1,0,0,0,0,0
'M2 -P5 P4 -m2',1,0,0,0,0,0,0,0,0,0,0,0,0,0,0,0,0,0,0,0,0,0,0,0
'M2 m2 M2 M2',4,0,0,0,4,0,0,0,2,0,0,0,0,0,0,0,0,0,0,0,0,0,0,0
'M2 M2 -P4',1,0,1,0,0,0
'M2 m2 -P5 -m2',1,0,0,0,0,0,0,0,0,0,0,0,0,0,0,0,0,0,0,0,0,0,0,0
'M3 P1',1,0
'm2 -m3 P1 M2',1,0,0,0,0,0,0,0,0,0,0,0,0,0,0,0,0,1,0,0,1,0,0,0
'P8 M2 -m3',1,0,0,0,0,0
'P5 M2',1,0
'-M2 m3 -P5 P8',1,0,0,0,0,0,0,0,0,0,0,0,0,0,0,0,0,0,0,0,0,0,0,0
'-m2 -M2 P5 m3',1,0,0,1,0,0,0,0,0,0,1,0,0,0,0,0,0,1,0,0,0,0,0,0
'-M2 m3 -m2 -M2',1,1,3,0,0,0,0,0,0,0,0,0,0,0,0,0,0,0,0,0,0,0,0,0
'm3 -m2 m2',1,0,0,0,0,1
'M2 -P4 m3',1,0,0,0,0,0
'-M3 P5 -m3 m3',1,0,0,0,0,0,0,0,0,0,0,0,0,0,0,0,0,0,0,0,0,0,0,0
'-M2 -m3',5,9
'M2 -P4 m2 P1',1,0,0,0,0,0,0,0,0,0,0,0,0,0,0,0,0,0,0,0,0,0,0,0
'P4 -P5',1,1
'M2 M2 -M2 M2',1,0,1,0,0,0,0,0,0,0,0,0,0,0,0,0,0,0,0,0,0,0,0,0
'P4 M2 M2',2,0,0,0,0,0
'-m3 -M2 P5',1,0,0,0,0,1
'M2 M2 -P5 P4',1,0,0,0,0,0,0,0,0,0,0,0,0,0,0,0,0,1,0,0,0,0,0,0
'm3 -m2',10,1
'-P5 P8',2,0
'-M3 m3 -m2 -M3',1,0,0,0,0,0,0,0,0,0,0,0,0,0,0,0,0,0,0,0,0,0,0,0
'-m2 m3 M2',1,0,0,0,0,4
'M2 -P5 P8',1,0,0,0,0,0
'-m3 -M2 P4 -m2',1,0,0,0,0,0,0,0,0,0,0,0,0,0,0,0,0,0,0,0,0,0,0,0
'-M3 M2 -M2',1,0,0,0,0,5
'-M2 M2 M2 m2',1,0,0,0,0,0,0,0,2,0,0,3,0,0,0,0,0,0,1,0,0,0,0,0
'M2 -m3 m2 M2',1,1,0,0,0,0,0,0,0,0,0,0,0,0,0,0,0,0,0,0,1,0,0,0
'-M2 P4 -M2',1,3,0,3,0,0
'-m3 m3 -m2 -M2',1,0,0,0,0,0,0,0,0,0,0,0,0,0,0,0,0,0,0,0,0,0,0,0
'P4 -m2 P4 -M2',1,0,0,0,0,0,0,0,0,0,0,0,0,0,0,0,0,2,0,0,0,0,0,0
'm2 -P5 -m2',1,0,0,0,0,0
'm3 -m2 -M2 -M3',1,0,0,0,0,0,0,0,0,0,0,0,0,0,0,0,0,0,0,0,0,0,0,0
'-P5 -m2 -M2 P4',1,0,0,0,0,0,0,0,0,0,0,0,0,0,0,0,0,0,0,0,0,0,0,0
'm2 -m3 P1',2,0,0,0,0,0
'-M2 -P5 M2',1,0,1,0,1,0
'-P4 m3',1,0
'P4 -M2 -M2 M2',2,0,0,0,0,0,0,0,0,0,0,0,0,0,0,0,0,0,0,1,0,0,0,0
'm6 -m3 M2',1,0,0,0,0,0
'M2 -M3 P4',2,0,0,0,0,0
'P8 M2',1,0
'm2 -m3 P1 P5',1,0,0,0,0,0,0,0,0,0,0,0,0,0,0,0,0,0,0,0,0,0,0,0
'-M3 P4 -m2 -M2',1,0,0,0,0,0,0,0,0,0,0,0,0,0,0,0,0,0,0,3,0,0,0,0
'-m6 m3 M2',1,0,0,0,0,0
'P1 M2',5,1
'P5 M3 P1 -M2',1,0,0,0,0,0,0,0,0,0,0,0,0,0,0,0,0,0,0,0,0,0,0,0
'P4 M2 m2',1,0,0,0,0,0
'-M3 P5',1,0
'm2 P1',3,0
'-P4 P4 -M2',1,0,0,0,0,0
'-P5 m6',1,0
'M2 M2 -P5 m3',2,0,0,1,0,0,0,0,0,0,1,0,0,0,0,0,0,0,0,0,0,0,0,0
'M2 m2 P1 -m6',1,0,0,0,0,0,0,0,0,0,0,0,0,0,0,0,0,0,0,0,0,0,0,0
'm6 -m2 -M2 -M2',1,0,0,0,0,0,0,0,0,0,0,0,0,0,0,0,0,0,0,0,0,0,0,0
'-P5 P5 M3 P1',1,0,0,0,0,0,0,0,0,0,0,0,0,0,0,0,0,0,0,0,0,0,0,0
'M2 -P5 m6 -m2',1,0,0,0,0,0,0,0,0,0,0,0,0,0,0,0,0,0,0,0,0,0,0,0
'P4 -m2 P4',2,0,0,0,0,0
'-m2 -M3 m3',1,0,1,0,2,0
'M2 m3 -m2 P1',1,0,0,0,0,0,0,0,0,0,0,0,0,0,0,0,0,0,0,0,0,0,0,0
'P5 -M2',1,2
'-P5 m3 M2',1,0,0,1,2,0
'-M3 M2 M2 -M3',1,1,0,0,0,0,0,0,0,0,0,0,0,0,0,0,0,0,0,0,0,0,0,0
'-m3 m2 -m2',2,0,0,0,0,3
'm2 -P5 -m2 -M2',1,0,0,0,0,0,0,0,0,0,0,0,0,0,0,0,0,0,0,0,0,0,0,0
'-P5 -m2 -M2',1,0,0,0,0,0
'-P4 m3 -m2 -M2',1,0,0,0,0,0,0,0,0,0,0,0,0,0,0,0,0,0,0,0,0,0,0,0
'M2 m2 -P5 P5',1,0,0,0,0,0,0,0,0,0,0,0,0,0,0,0,0,0,0,0,0,0,0,0
'-P4 m2 P1 -m2',1,0,0,0,0,0,0,0,0,0,0,0,0,0,0,0,0,0,0,0,0,0,0,0
'-M2 -M2 -m2 m2',2,0,0,0,0,0,0,0,0,0,0,0,0,0,0,0,0,0,0,0,0,0,1,0
'-P4 M2',2,4
'-M2 -M2 P8 M2',1,0,0,0,0,0,0,0,0,0,0,0,0,0,0,0,0,0,0,0,0,0,0,0
'P1 -m2 -M3',1,0,0,0,0,0
'-M2 P8 M2',1,0,0,0,0,0
'-m6 m3 M2 M2',1,0,0,0,0,0,0,0,0,0,0,0,0,0,0,0,0,0,0,0,0,0,0,0
'P8 -m2 -M2',3,0,0,0,1,0
'M2 -P4 P4 -M2',1,0,0,0,0,0,0,0,0,0,0,0,0,0,0,0,0,0,0,0,0,0,0,0
'M2 m3',5,3
'P1 -m6 m3 M2',1,0,0,0,0,0,0,0,0,0,0,0,0,0,0,0,0,0,0,0,0,0,0,0
'M2 -P5 P4',1,0,0,0,0,0
'P4 -P5 P5',1,0,0,0,0,0
'-m2 -M3 M2 M2',1,0,0,0,0,0,0,0,0,0,0,0,0,0,0,0,0,0,0,0,0,0,0,0
'-M3 P8',2,0
'-P5 M2 M2 -P5',1,0,0,0,0,0,0,0,0,0,0,0,0,0,0,0,0,0,0,0,0,0,0,0
'm2 M2',15,21
'P8 -m2',4,0
'-M2 -P5',1,0
'P1 -m3 M2',1,1,0,0,1,0
'm2 -m3 M2 m2',2,0,0,0,1,0,0,0,0,0,0,0,1,0,0,0,0,0,0,0,0,0,0,0
'-P4 P4',1,0
'P1 -m3 M2 m3',1,0,0,0,0,0,0,0,0,0,0,0,0,0,0,0,0,0,0,0,0,0,0,0
'-m3 P4 -P5',1,0,0,0,0,0
'-M3 P1 M2 -M2',1,0,0,0,0,0,0,0,0,0,0,0,0,0,0,2,0,0,0,0,0,0,0,0
'-M2 -M2 -m3 m2',1,0,0,0,0,0,0,0,0,0,0,0,0,0,0,0,0,0,0,0,0,0,0,0
'P1 M2 M2',3,0,0,0,0,0
'M2 m3 -M2 -m2',1,0,0,0,0,0,0,0,0,0,0,0,1,0,0,0,0,0,1,0,0,0,0,0
'-P4 m2 P1',1,0,0,0,0,0
'-m3 m2 -m2 m3',1,0,0,0,0,0,0,0,0,0,0,0,0,0,0,0,0,0,0,0,0,0,0,0
'P8 -m2 -M2 -m3',1,0,0,0,0,0,0,0,0,0,0,0,0,0,0,0,0,0,0,0,0,0,0,0
'-M3 P1',1,0
'-M2 -m2 m2 -m2',1,0,0,1,0,0,0,0,0,0,0,0,0,0,0,0,0,0,0,0,0,0,0,0
'M2 -M2 -m2',3,0,0,0,0,4
'-M2 P5 M2 M2',1,0,0,0,0,0,0,0,0,0,0,0,0,0,0,0,0,0,0,0,0,0,0,0
'P1 -m3 -M2',1,0,0,0,0,0
'M2 -M2',19,17
'-P5 P8 -m2 -M2',1,0,0,0,0,0,0,0,0,0,0,0,0,0,0,0,0,0,0,0,0,0,0,0
'-M3 M2 -P5 M2',1,0,0,0,0,0,0,0,0,0,0,0,0,1,0,0,0,0,0,0,0,0,0,0
'm2 -m2 -M2 m3',1,0,0,0,0,0,0,0,0,0,0,0,0,0,0,0,0,0,0,0,0,0,0,0
'-P5 m3',2,1
'M2 -M3 P4 -m2',2,0,0,0,0,0,0,0,0,0,0,0,0,0,0,0,0,0,0,0,0,0,0,0
'-M3 -m2',1,8
'-m3 M2 -m3',1,0,0,0,0,0
'-m2 -M2 -m3',1,0,0,0,0,0
'-m2 P1',2,4
'-M3 M2 -P5',1,0,0,0,0,0
'-M2 -M3',1,0
'm6 -m3',1,0
'-M3 m3',1,0
'-m2 -M2 -M2 -m3',1,0,0,0,0,0,0,0,0,0,0,0,0,0,0,0,0,0,0,0,0,0,0,0
'P1 -m3 -M2 m2',1,0,0,0,0,0,0,0,0,0,0,0,0,0,0,0,0,0,0,0,0,0,0,0
'-m6 m3',1,0
'-M3 M2 m3',1,0,0,0,0,0
'm2 -P8',1,0
'm3 -m2 P1',1,0,0,0,0,0
'-P5 P5 M3',1,0,0,0,0,0
'M2 m2 -m2 m2',2,0,0,2,0,0,0,0,0,0,0,0,0,0,0,0,0,0,0,0,0,0,0,0
'P5 -m3',1,0
'-M2 M2 -P4',1,0,0,0,0,0
'-m3 M2 m3 -M2',1,0,0,0,0,0,0,0,0,0,0,0,0,0,0,0,0,0,0,0,0,0,0,0
'm2 -P8 M2 m2',1,0,0,0,0,0,0,0,0,0,0,0,0,0,0,0,0,0,0,0,0,0,0,0
'M2 P1 -m3 -M2',1,0,0,0,0,0,0,0,0,0,0,0,0,0,0,0,0,0,0,0,0,0,0,0
'-m3 M2 m3',1,0,0,0,0,0
'M2 M2',28,0
'-P5 m3 -m2 -M2',1,0,0,0,0,0,0,0,0,0,0,1,0,0,0,0,0,0,0,0,0,0,0,0
'm2 P1 -m2 -M3',1,0,0,0,0,0,0,0,0,0,0,0,0,0,0,0,0,0,0,0,0,0,0,0
'P5 m3',1,0
'P1 -m2 -M3 P8',1,0,0,0,0,0,0,0,0,0,0,0,0,0,0,0,0,0,0,0,0,0,0,0
'-M2 -M2 P1',1,0,0,0,1,0
'P8 M2 -m3 m2',1,0,0,0,0,0,0,0,0,0,0,0,0,0,0,0,0,0,0,0,0,0,0,0
'-P5 P5 -M2 -m3',1,0,0,0,0,0,0,0,0,0,0,0,0,0,0,0,0,0,0,0,0,0,0,0
'-m2 -M3 M2',4,0,0,0,0,1
'-m3 -M2 M2 M2',1,0,0,0,0,0,1,0,0,0,0,0,0,0,0,0,0,0,0,0,0,0,0,0
'M2 -P5 m6',1,0,0,0,0,0
'-M2 m6 -m3',1,0,0,0,0,0
'-m2 m2',11,8
'-m2 -M2 m3 -m2',1,0,0,0,0,0,0,0,0,0,0,0,0,0,0,0,0,0,0,0,0,0,0,0
'm2 M2 -P4 P4',1,0,0,0,0,0,0,0,0,0,0,0,0,0,0,0,0,0,0,0,0,0,0,0
'm2 M2 m3',1,0,0,0,0,0
'-m2 m2 -P8 M2',1,0,0,0,0,0,0,0,0,0,0,0,0,0,0,0,0,0,0,0,0,0,0,0
'-P5 -m2',1,0
'P4 -m2',8,3
'-M2 -M2 m6',1,0,0,0,0,0
'P1 M2 M2 -M2',2,0,0,0,0,0,0,0,0,0,0,0,0,0,0,0,0,0,0,0,0,0,0,0
'-M2 -P5 M2 m3',1,0,0,0,0,0,0,0,0,0,0,0,0,0,0,0,0,0,0,0,0,0,0,0
'-M2 M2 -M2 -M2',3,0,0,0,2,0,0,0,0,0,0,0,0,0,0,0,0,0,0,0,0,0,0,0
'P8 -m2 m2 -P4',1,0,0,0,0,0,0,0,0,0,0,0,0,0,0,0,0,0,0,0,0,0,0,0
'P4 -P5 P5 -M2',1,0,0,0,0,0,0,0,0,0,0,0,0,0,0,0,0,0,0,0,0,0,0,0
'm2 -P5',4,0
'-m2 -M2 P5',1,0,0,0,0,0
'-M2 -M2 m6 -m3',1,0,0,0,0,0,0,0,0,0,0,0,0,0,0,0,0,0,0,0,0,0,0,0
'P4 -m2 -M3',3,0,0,0,2,0
'-M2 P8 -m2 m2',1,0,0,0,0,0,0,0,0,0,0,0,0,0,0,0,0,0,0,0,0,0,0,0
'm2 -m2 P4 -M2',1,0,0,0,0,0,0,0,0,0,0,0,0,0,0,0,0,0,0,0,0,0,0,0
'm2 -m3 -M2 P5',1,0,0,0,0,0,0,0,0,0,0,0,0,0,0,0,0,0,0,0,0,0,0,0
'-m2 m2 -m3 P1',1,0,0,0,0,0,0,0,0,0,0,0,0,0,0,0,0,1,0,0,0,0,0,0
'P1 -M2',3,2
'M3 P1 -M2',1,0,0,0,0,0
'M2 -P4 m3 -m2',1,0,0,0,0,0,0,0,0,0,0,0,0,0,0,0,0,0,0,0,0,0,0,0
'-M2 P5 M2',1,0,0,0,0,0
'-m2 P4 M2 m2',1,0,0,0,0,0,0,0,0,0,1,0,0,0,0,0,0,0,0,0,0,0,0,0
'P5 m3 -m2',1,0,0,0,0,0
'm2 -m3 -M2 P4',1,0,0,0,0,0,0,0,0,0,0,0,0,0,0,0,0,0,0,0,0,0,0,0
'm2 -m3 m2',1,0,0,0,0,0
'M2 -M3 M2 m3',1,0,0,0,0,0,0,0,0,0,0,0,0,0,0,0,0,0,0,0,0,0,0,0
'-P5 P4 -m2',1,0,0,0,0,0
'P5 M2 M2',1,0,0,0,0,0
'm3 M2 -M2 M3',1,0,0,0,0,0,0,0,0,0,0,0,0,0,0,0,0,0,0,0,0,0,0,0
'm3 -P5 P8',1,0,0,0,0,0
'-M2 P5 m3',1,0,0,0,0,0
'-m2 m2 -P8',1,0,0,0,0,0
'-M2 M2 -P4 m2',1,0,0,0,0,0,0,0,0,0,0,0,0,0,0,0,0,0,0,0,0,0,0,0
'-m2 -M3 P5 -m3',1,0,0,0,0,0,0,0,0,0,0,0,0,0,0,0,0,0,0,0,0,0,0,0
'-m3 m2 -P5',1,0,0,0,0,0
'm2 -m2 m2',3,0,0,0,0,0
'm3 -m2 P1 -M2',1,0,0,0,0,0,0,0,0,0,0,0,0,0,0,0,0,0,0,0,0,0,0,0
'M2 -M2 P4',1,0,1,0,0,0
'P5 -m3 m3 -m2',1,0,0,0,0,0,0,0,0,0,0,0,0,0,0,0,0,0,0,0,0,0,0,0
'P1 P5',1,0
'-M2 -M2',28,0
'-m2 -M2 -M2 -m2',2,0,0,0,0,0,0,0,0,0,0,0,0,0,0,0,0,0,0,0,0,0,0,0
'-m2 m2 -P4 M2',1,0,0,0,0,0,0,0,0,0,0,0,0,0,0,0,0,0,0,0,0,0,0,0
'-P5 P4 -m2 m2',1,0,0,0,0,0,0,0,0,0,0,0,0,0,0,0,0,0,0,0,0,0,0,0
'-M3 P5 -m3',1,0,0,0,0,0
'-M2 -M2 M2 -P4',1,0,0,0,0,0,0,0,0,0,0,0,0,0,0,0,0,0,0,0,0,0,0,0
'm6 -m2',1,0
'-P8 M2',1,0
'P4 -m2 m2 -m3',1,0,0,0,0,0,0,0,0,0,0,0,0,0,0,0,0,0,0,0,0,0,0,0
'-M3 M2 -M3',1,0,0,0,0,0
'm2 P1 -m6 m3',1,0,0,0,0,0,0,0,0,0,0,0,0,0,0,0,0,0,0,0,0,0,0,0
'-m2 -M3 P8 -m2',2,0,0,0,0,0,0,0,0,0,0,0,0,0,0,0,0,0,0,0,0,0,0,0
'P4 -m2 -M3 P8',1,0,0,0,0,0,0,0,0,0,0,0,0,0,0,0,0,0,0,0,0,0,0,0
'-m2 -M3 m3 -m2',1,0,0,0,0,0,0,0,0,0,0,0,0,0,0,0,0,0,0,0,0,0,0,0
'-M2 m2',1,0
'm3 -P5 P8 -m2',1,0,0,0,0,0,0,0,0,0,0,0,0,0,0,0,0,0,0,0,0,0,0,0
'-P5 m3 -m2',1,0,0,0,0,0
'M2 M2 M2',3,0,0,0,0,0
'P1 -M2 -M2 P4',1,0,0,0,0,0,0,0,0,0,0,0,0,0,0,0,0,0,0,0,0,0,0,0
'-P5 m6 -m2',1,0,0,0,0,0
'-M3 P8 -m2 -M2',2,0,0,0,0,0,0,0,0,0,0,0,0,0,0,0,0,0,0,0,0,0,0,0
'-m3 P4 -P5 P5',1,0,0,0,0,0,0,0,0,0,0,0,0,0,0,0,0,0,0,0,0,0,0,0
'm3 -m2 -M2 m3',1,0,0,0,0,0,0,0,0,0,0,0,0,0,0,0,0,0,0,0,0,0,0,0
'-P8 M2 m2 -m3',1,0,0,0,0,0,0,0,0,0,0,0,0,0,0,0,0,0,0,0,0,0,0,0
